id,name,model_id:id,group_id:id,perm_read,perm_write,perm_create,perm_unlink
access_otm_gym_member_rec,otm.gym.member rec,model_otm_gym_member,group_gym_reception,1,1,1,0
access_otm_gym_member_trn,otm.gym.member trn,model_otm_gym_member,group_gym_trainer,1,0,0,0
access_otm_gym_member_nut,otm.gym.member nut,model_otm_gym_member,group_gym_nutritionist,1,0,0,0
access_otm_gym_member_ass,otm.gym.member ass,model_otm_gym_member,group_gym_assessor,1,0,0,0
access_otm_gym_member_fin,otm.gym.member fin,model_otm_gym_member,group_gym_finance,1,0,0,0
access_otm_gym_member_mgr,otm.gym.member mgr,model_otm_gym_member,group_gym_manager,1,1,1,0
access_otm_gym_member_adm,otm.gym.member adm,model_otm_gym_member,group_gym_admin,1,1,1,1
access_otm_gym_member_cust,otm.gym.member cust,model_otm_gym_member,group_gym_customer,1,0,0,0
access_otm_gym_membership_plan_rec,otm.gym.membership.plan rec,model_otm_gym_membership_plan,group_gym_reception,1,0,0,0
access_otm_gym_membership_plan_trn,otm.gym.membership.plan trn,model_otm_gym_membership_plan,group_gym_trainer,1,0,0,0
access_otm_gym_membership_plan_nut,otm.gym.membership.plan nut,model_otm_gym_membership_plan,group_gym_nutritionist,1,0,0,0
access_otm_gym_membership_plan_ass,otm.gym.membership.plan ass,model_otm_gym_membership_plan,group_gym_assessor,1,0,0,0
access_otm_gym_membership_plan_fin,otm.gym.membership.plan fin,model_otm_gym_membership_plan,group_gym_finance,1,0,0,0
access_otm_gym_membership_plan_mgr,otm.gym.membership.plan mgr,model_otm_gym_membership_plan,group_gym_manager,1,1,1,0
access_otm_gym_membership_plan_adm,otm.gym.membership.plan adm,model_otm_gym_membership_plan,group_gym_admin,1,1,1,1
access_otm_gym_membership_plan_cust,otm.gym.membership.plan cust,model_otm_gym_membership_plan,group_gym_customer,1,0,0,0
access_otm_gym_membership_rec,otm.gym.membership rec,model_otm_gym_membership,group_gym_reception,1,1,1,0
access_otm_gym_membership_trn,otm.gym.membership trn,model_otm_gym_membership,group_gym_trainer,1,0,0,0
access_otm_gym_membership_nut,otm.gym.membership nut,model_otm_gym_membership,group_gym_nutritionist,1,0,0,0
access_otm_gym_membership_fin,otm.gym.membership fin,model_otm_gym_membership,group_gym_finance,1,0,0,0
access_otm_gym_membership_mgr,otm.gym.membership mgr,model_otm_gym_membership,group_gym_manager,1,1,1,0
access_otm_gym_membership_adm,otm.gym.membership adm,model_otm_gym_membership,group_gym_admin,1,1,1,1
access_otm_gym_membership_cust,otm.gym.membership cust,model_otm_gym_membership,group_gym_customer,1,0,0,0
access_otm_gym_trainer_rec,otm.gym.trainer rec,model_otm_gym_trainer,group_gym_reception,1,0,0,0
access_otm_gym_trainer_trn,otm.gym.trainer trn,model_otm_gym_trainer,group_gym_trainer,1,0,0,0
access_otm_gym_trainer_nut,otm.gym.trainer nut,model_otm_gym_trainer,group_gym_nutritionist,1,0,0,0
access_otm_gym_trainer_ass,otm.gym.trainer ass,model_otm_gym_trainer,group_gym_assessor,1,0,0,0
access_otm_gym_trainer_fin,otm.gym.trainer fin,model_otm_gym_trainer,group_gym_finance,1,0,0,0
access_otm_gym_trainer_mgr,otm.gym.trainer mgr,model_otm_gym_trainer,group_gym_manager,1,1,1,0
access_otm_gym_trainer_adm,otm.gym.trainer adm,model_otm_gym_trainer,group_gym_admin,1,1,1,1
access_otm_gym_trainer_cust,otm.gym.trainer cust,model_otm_gym_trainer,group_gym_customer,1,0,0,0
access_otm_gym_health_profile_trn,otm.gym.health.profile trn,model_otm_gym_health_profile,group_gym_trainer,1,1,1,0
access_otm_gym_health_profile_nut,otm.gym.health.profile nut,model_otm_gym_health_profile,group_gym_nutritionist,1,1,1,0
access_otm_gym_health_profile_mgr,otm.gym.health.profile mgr,model_otm_gym_health_profile,group_gym_manager,1,1,1,0
access_otm_gym_health_profile_adm,otm.gym.health.profile adm,model_otm_gym_health_profile,group_gym_admin,1,1,1,1
access_otm_gym_health_profile_cust,otm.gym.health.profile cust,model_otm_gym_health_profile,group_gym_customer,1,0,0,0
access_otm_gym_assessment_ass,otm.gym.assessment ass,model_otm_gym_assessment,group_gym_assessor,1,1,1,0
access_otm_gym_assessment_trn,otm.gym.assessment trn,model_otm_gym_assessment,group_gym_trainer,1,1,1,0
access_otm_gym_assessment_nut,otm.gym.assessment nut,model_otm_gym_assessment,group_gym_nutritionist,1,0,0,0
access_otm_gym_assessment_mgr,otm.gym.assessment mgr,model_otm_gym_assessment,group_gym_manager,1,1,1,0
access_otm_gym_assessment_adm,otm.gym.assessment adm,model_otm_gym_assessment,group_gym_admin,1,1,1,1
access_otm_gym_assessment_cust,otm.gym.assessment cust,model_otm_gym_assessment,group_gym_customer,1,0,0,0
access_otm_gym_assessment_line_ass,otm.gym.assessment.line ass,model_otm_gym_assessment_line,group_gym_assessor,1,1,1,1
access_otm_gym_assessment_line_trn,otm.gym.assessment.line trn,model_otm_gym_assessment_line,group_gym_trainer,1,1,1,1
access_otm_gym_assessment_line_nut,otm.gym.assessment.line nut,model_otm_gym_assessment_line,group_gym_nutritionist,1,0,0,0
access_otm_gym_assessment_line_mgr,otm.gym.assessment.line mgr,model_otm_gym_assessment_line,group_gym_manager,1,1,1,1
access_otm_gym_assessment_line_adm,otm.gym.assessment.line adm,model_otm_gym_assessment_line,group_gym_admin,1,1,1,1
access_otm_gym_assessment_line_cust,otm.gym.assessment.line cust,model_otm_gym_assessment_line,group_gym_customer,1,0,0,0
access_otm_gym_progress_trn,otm.gym.progress trn,model_otm_gym_progress,group_gym_trainer,1,1,1,0
access_otm_gym_progress_nut,otm.gym.progress nut,model_otm_gym_progress,group_gym_nutritionist,1,0,0,0
access_otm_gym_progress_ass,otm.gym.progress ass,model_otm_gym_progress,group_gym_assessor,1,0,0,0
access_otm_gym_progress_mgr,otm.gym.progress mgr,model_otm_gym_progress,group_gym_manager,1,1,1,0
access_otm_gym_progress_adm,otm.gym.progress adm,model_otm_gym_progress,group_gym_admin,1,1,1,1
access_otm_gym_progress_cust,otm.gym.progress cust,model_otm_gym_progress,group_gym_customer,1,0,1,0
access_otm_gym_exercise_rec,otm.gym.exercise rec,model_otm_gym_exercise,group_gym_reception,1,0,0,0
access_otm_gym_exercise_trn,otm.gym.exercise trn,model_otm_gym_exercise,group_gym_trainer,1,1,1,0
access_otm_gym_exercise_nut,otm.gym.exercise nut,model_otm_gym_exercise,group_gym_nutritionist,1,0,0,0
access_otm_gym_exercise_ass,otm.gym.exercise ass,model_otm_gym_exercise,group_gym_assessor,1,0,0,0
access_otm_gym_exercise_mgr,otm.gym.exercise mgr,model_otm_gym_exercise,group_gym_manager,1,1,1,0
access_otm_gym_exercise_adm,otm.gym.exercise adm,model_otm_gym_exercise,group_gym_admin,1,1,1,1
access_otm_gym_exercise_cust,otm.gym.exercise cust,model_otm_gym_exercise,group_gym_customer,1,0,0,0
access_otm_gym_workout_plan_trn,otm.gym.workout.plan trn,model_otm_gym_workout_plan,group_gym_trainer,1,1,1,1
access_otm_gym_workout_plan_nut,otm.gym.workout.plan nut,model_otm_gym_workout_plan,group_gym_nutritionist,1,0,0,0
access_otm_gym_workout_plan_mgr,otm.gym.workout.plan mgr,model_otm_gym_workout_plan,group_gym_manager,1,1,1,0
access_otm_gym_workout_plan_adm,otm.gym.workout.plan adm,model_otm_gym_workout_plan,group_gym_admin,1,1,1,1
access_otm_gym_workout_plan_cust,otm.gym.workout.plan cust,model_otm_gym_workout_plan,group_gym_customer,1,0,0,0
access_otm_gym_workout_plan_line_trn,otm.gym.workout.plan.line trn,model_otm_gym_workout_plan_line,group_gym_trainer,1,1,1,1
access_otm_gym_workout_plan_line_nut,otm.gym.workout.plan.line nut,model_otm_gym_workout_plan_line,group_gym_nutritionist,1,0,0,0
access_otm_gym_workout_plan_line_mgr,otm.gym.workout.plan.line mgr,model_otm_gym_workout_plan_line,group_gym_manager,1,1,1,1
access_otm_gym_workout_plan_line_adm,otm.gym.workout.plan.line adm,model_otm_gym_workout_plan_line,group_gym_admin,1,1,1,1
access_otm_gym_workout_plan_line_cust,otm.gym.workout.plan.line cust,model_otm_gym_workout_plan_line,group_gym_customer,1,0,0,0
access_otm_gym_food_item_rec,otm.gym.food.item rec,model_otm_gym_food_item,group_gym_reception,1,0,0,0
access_otm_gym_food_item_trn,otm.gym.food.item trn,model_otm_gym_food_item,group_gym_trainer,1,0,0,0
access_otm_gym_food_item_nut,otm.gym.food.item nut,model_otm_gym_food_item,group_gym_nutritionist,1,1,1,0
access_otm_gym_food_item_mgr,otm.gym.food.item mgr,model_otm_gym_food_item,group_gym_manager,1,1,1,0
access_otm_gym_food_item_adm,otm.gym.food.item adm,model_otm_gym_food_item,group_gym_admin,1,1,1,1
access_otm_gym_food_item_cust,otm.gym.food.item cust,model_otm_gym_food_item,group_gym_customer,1,0,0,0
access_otm_gym_diet_plan_trn,otm.gym.diet.plan trn,model_otm_gym_diet_plan,group_gym_trainer,1,0,0,0
access_otm_gym_diet_plan_nut,otm.gym.diet.plan nut,model_otm_gym_diet_plan,group_gym_nutritionist,1,1,1,1
access_otm_gym_diet_plan_mgr,otm.gym.diet.plan mgr,model_otm_gym_diet_plan,group_gym_manager,1,1,1,0
access_otm_gym_diet_plan_adm,otm.gym.diet.plan adm,model_otm_gym_diet_plan,group_gym_admin,1,1,1,1
access_otm_gym_diet_plan_cust,otm.gym.diet.plan cust,model_otm_gym_diet_plan,group_gym_customer,1,0,0,0
access_otm_gym_diet_plan_line_trn,otm.gym.diet.plan.line trn,model_otm_gym_diet_plan_line,group_gym_trainer,1,0,0,0
access_otm_gym_diet_plan_line_nut,otm.gym.diet.plan.line nut,model_otm_gym_diet_plan_line,group_gym_nutritionist,1,1,1,1
access_otm_gym_diet_plan_line_mgr,otm.gym.diet.plan.line mgr,model_otm_gym_diet_plan_line,group_gym_manager,1,1,1,1
access_otm_gym_diet_plan_line_adm,otm.gym.diet.plan.line adm,model_otm_gym_diet_plan_line,group_gym_admin,1,1,1,1
access_otm_gym_diet_plan_line_cust,otm.gym.diet.plan.line cust,model_otm_gym_diet_plan_line,group_gym_customer,1,0,0,0
access_otm_gym_attendance_rec,otm.gym.attendance rec,model_otm_gym_attendance,group_gym_reception,1,1,1,0
access_otm_gym_attendance_trn,otm.gym.attendance trn,model_otm_gym_attendance,group_gym_trainer,1,0,0,0
access_otm_gym_attendance_mgr,otm.gym.attendance mgr,model_otm_gym_attendance,group_gym_manager,1,1,1,0
access_otm_gym_attendance_adm,otm.gym.attendance adm,model_otm_gym_attendance,group_gym_admin,1,1,1,1
access_otm_gym_attendance_cust,otm.gym.attendance cust,model_otm_gym_attendance,group_gym_customer,1,0,0,0
access_otm_gym_appointment_rec,otm.gym.appointment rec,model_otm_gym_appointment,group_gym_reception,1,1,1,0
access_otm_gym_appointment_trn,otm.gym.appointment trn,model_otm_gym_appointment,group_gym_trainer,1,1,0,0
access_otm_gym_appointment_nut,otm.gym.appointment nut,model_otm_gym_appointment,group_gym_nutritionist,1,1,0,0
access_otm_gym_appointment_ass,otm.gym.appointment ass,model_otm_gym_appointment,group_gym_assessor,1,1,0,0
access_otm_gym_appointment_mgr,otm.gym.appointment mgr,model_otm_gym_appointment,group_gym_manager,1,1,1,0
access_otm_gym_appointment_adm,otm.gym.appointment adm,model_otm_gym_appointment,group_gym_admin,1,1,1,1
access_otm_gym_appointment_cust,otm.gym.appointment cust,model_otm_gym_appointment,group_gym_customer,1,0,0,0
access_otm_gym_payment_rec,otm.gym.payment rec,model_otm_gym_payment,group_gym_reception,1,1,1,0
access_otm_gym_payment_fin,otm.gym.payment fin,model_otm_gym_payment,group_gym_finance,1,1,1,0
access_otm_gym_payment_mgr,otm.gym.payment mgr,model_otm_gym_payment,group_gym_manager,1,1,1,0
access_otm_gym_payment_adm,otm.gym.payment adm,model_otm_gym_payment,group_gym_admin,1,1,1,1
access_otm_gym_payment_cust,otm.gym.payment cust,model_otm_gym_payment,group_gym_customer,1,0,0,0
access_otm_gym_payment_receipt_rec,otm.gym.payment.receipt rec,model_otm_gym_payment_receipt,group_gym_reception,1,0,0,0
access_otm_gym_payment_receipt_fin,otm.gym.payment.receipt fin,model_otm_gym_payment_receipt,group_gym_finance,1,0,1,0
access_otm_gym_payment_receipt_mgr,otm.gym.payment.receipt mgr,model_otm_gym_payment_receipt,group_gym_manager,1,0,1,0
access_otm_gym_payment_receipt_adm,otm.gym.payment.receipt adm,model_otm_gym_payment_receipt,group_gym_admin,1,0,1,0
access_otm_gym_payment_receipt_cust,otm.gym.payment.receipt cust,model_otm_gym_payment_receipt,group_gym_customer,1,0,0,0
access_otm_gym_notification_mgr,otm.gym.notification mgr,model_otm_gym_notification,group_gym_manager,1,0,0,0
access_otm_gym_notification_adm,otm.gym.notification adm,model_otm_gym_notification,group_gym_admin,1,1,1,1
access_otm_gym_history_rec,otm.gym.history rec,model_otm_gym_history,group_gym_reception,1,0,0,0
access_otm_gym_history_trn,otm.gym.history trn,model_otm_gym_history,group_gym_trainer,1,0,0,0
access_otm_gym_history_nut,otm.gym.history nut,model_otm_gym_history,group_gym_nutritionist,1,0,0,0
access_otm_gym_history_ass,otm.gym.history ass,model_otm_gym_history,group_gym_assessor,1,0,0,0
access_otm_gym_history_fin,otm.gym.history fin,model_otm_gym_history,group_gym_finance,1,0,0,0
access_otm_gym_history_mgr,otm.gym.history mgr,model_otm_gym_history,group_gym_manager,1,0,0,0
access_otm_gym_history_adm,otm.gym.history adm,model_otm_gym_history,group_gym_admin,1,0,0,0
